{"Bonzo30507613": 94.06434599156117, "JanSchm61866981": 0.0, "ggarcia238": 38.836, "MaeWest52499669": 8.339003436426117, "LisaLov80831185": 0.0, "ChrisOBXnc": 1.042857142857143, "HULSEYR7": 27.344217687074828, "kjbtazz": 5.50749063670412, "Tko77457444": 475.8997716894977, "godcountryfami2": 13.452304964539007, "BetsyGBJ9328": 84.91879432624113, "MollyV178": 52.784591194968556, "jolady42": 1.6245704467353952, "ECK888888": 451.9610486891386}